{"format": "layers-model", "generatedBy": "keras v2.4.0", "convertedBy": "TensorFlow.js Converter v2.7.0", "modelTopology": {"keras_version": "2.4.0", "backend": "tensorflow", "model_config": {"class_name": "Sequential", "config": {"name": "sequential", "layers": [{"class_name": "InputLayer", "config": {"batch_input_shape": [null, 41], "dtype": "float32", "sparse": false, "ragged": false, "name": "embedding_input"}}, {"class_name": "Embedding", "config": {"name": "embedding", "trainable": false, "batch_input_shape": [null, 41], "dtype": "float32", "input_dim": 43544, "output_dim": 100, "embeddings_initializer": {"class_name": "RandomUniform", "config": {"minval": -0.05, "maxval": 0.05, "seed": null}}, "embeddings_regularizer": null, "activity_regularizer": null, "embeddings_constraint": null, "mask_zero": false, "input_length": 41}}, {"class_name": "Bidirectional", "config": {"name": "bidirectional", "trainable": true, "dtype": "float32", "layer": {"class_name": "LSTM", "config": {"name": "lstm", "trainable": true, "dtype": "float32", "return_sequences": true, "return_state": false, "go_backwards": false, "stateful": false, "unroll": false, "time_major": false, "units": 32, "activation": "tanh", "recurrent_activation": "sigmoid", "use_bias": true, "kernel_initializer": {"class_name": "GlorotUniform", "config": {"seed": null}}, "recurrent_initializer": {"class_name": "Orthogonal", "config": {"gain": 1.0, "seed": null}}, "bias_initializer": {"class_name": "Zeros", "config": {}}, "unit_forget_bias": true, "kernel_regularizer": null, "recurrent_regularizer": null, "bias_regularizer": null, "activity_regularizer": null, "kernel_constraint": null, "recurrent_constraint": null, "bias_constraint": null, "dropout": 0.0, "recurrent_dropout": 0.1, "implementation": 1}}, "merge_mode": "concat"}}, {"class_name": "Dropout", "config": {"name": "dropout", "trainable": true, "dtype": "float32", "rate": 0.2, "noise_shape": null, "seed": null}}, {"class_name": "Dense", "config": {"name": "dense", "trainable": true, "dtype": "float32", "units": 32, "activation": "linear", "use_bias": true, "kernel_initializer": {"class_name": "GlorotUniform", "config": {"seed": null}}, "bias_initializer": {"class_name": "Zeros", "config": {}}, "kernel_regularizer": null, "bias_regularizer": null, "activity_regularizer": null, "kernel_constraint": null, "bias_constraint": null}}, {"class_name": "Dropout", "config": {"name": "dropout_1", "trainable": true, "dtype": "float32", "rate": 0.1, "noise_shape": null, "seed": null}}, {"class_name": "Flatten", "config": {"name": "flatten", "trainable": true, "dtype": "float32", "data_format": "channels_last"}}, {"class_name": "Dense", "config": {"name": "dense_1", "trainable": true, "dtype": "float32", "units": 2, "activation": "sigmoid", "use_bias": true, "kernel_initializer": {"class_name": "GlorotUniform", "config": {"seed": null}}, "bias_initializer": {"class_name": "Zeros", "config": {}}, "kernel_regularizer": null, "bias_regularizer": null, "activity_regularizer": null, "kernel_constraint": null, "bias_constraint": null}}]}}, "training_config": {"loss": "binary_crossentropy", "metrics": ["acc"], "weighted_metrics": null, "loss_weights": null, "optimizer_config": {"class_name": "Adam", "config": {"name": "Adam", "learning_rate": 0.0010000000474974513, "decay": 0.0, "beta_1": 0.8999999761581421, "beta_2": 0.9990000128746033, "epsilon": 1e-07, "amsgrad": false}}}}, "weightsManifest": [{"paths": ["group1-shard1of5.bin", "group1-shard2of5.bin", "group1-shard3of5.bin", "group1-shard4of5.bin", "group1-shard5of5.bin"], "weights": [{"name": "bidirectional/forward_lstm/lstm_cell_1/kernel", "shape": [100, 128], "dtype": "float32"}, {"name": "bidirectional/forward_lstm/lstm_cell_1/recurrent_kernel", "shape": [32, 128], "dtype": "float32"}, {"name": "bidirectional/forward_lstm/lstm_cell_1/bias", "shape": [128], "dtype": "float32"}, {"name": "bidirectional/backward_lstm/lstm_cell_2/kernel", "shape": [100, 128], "dtype": "float32"}, {"name": "bidirectional/backward_lstm/lstm_cell_2/recurrent_kernel", "shape": [32, 128], "dtype": "float32"}, {"name": "bidirectional/backward_lstm/lstm_cell_2/bias", "shape": [128], "dtype": "float32"}, {"name": "dense/kernel", "shape": [64, 32], "dtype": "float32"}, {"name": "dense/bias", "shape": [32], "dtype": "float32"}, {"name": "dense_1/kernel", "shape": [1312, 2], "dtype": "float32"}, {"name": "dense_1/bias", "shape": [2], "dtype": "float32"}, {"name": "embedding/embeddings", "shape": [43544, 100], "dtype": "float32"}]}]}